order_id,customer_id,order_date,order_status,total_amount,shipped_date,delivered_date,shipping_time_days
10855,C0080,2025-01-13,Completed,184.96,2025-01-17,2025-01-20,7
10521,C0026,2024-08-10,Completed,284.64,2024-08-17,2024-08-22,12
11064,C0122,2025-04-24,Completed,242.62,2025-04-25,2025-04-30,6
10976,C0103,2025-03-10,Completed,245.11,2025-03-23,2025-04-01,22
10360,C0103,2024-05-31,Completed,296.52,2024-06-12,2024-06-19,19
10847,C0098,2025-01-09,Completed,54.38,2025-01-15,2025-01-23,14
10667,C0115,2024-10-17,Completed,168.66,2024-10-19,2024-10-22,5
10937,C0167,2025-02-21,Completed,182.16,2025-02-28,2025-03-10,17
10515,C0038,2024-08-04,Completed,157.47,2024-08-07,2024-08-11,7
10134,C0177,02/25/2024,Completed,274.12,2024-02-29,2024-03-07,11
10385,C0003,06/07/2024,Completed,265.49,2024-06-16,2024-06-25,18
10039,C0045,2024-01-18,Completed,155.46,2024-01-23,2024-01-26,8
10289,C0119,2024-05-04,Refunded,84.89,,,
10058,C0127,01/24/2024,Completed,309.78,2024-01-30,2024-02-01,8
10512,C0142,2024-08-03,Completed,266.43,2024-08-10,2024-08-19,16
10446,C0120,2024-07-02,Completed,116.66,2024-07-04,2024-07-13,11
10668,C0021,2024-10-18,Completed,66.3,2024-10-27,2024-10-31,13
10223,C0095,2024-04-03,Completed,119.14,2024-04-11,2024-04-13,10
10522,C0099,2024-08-10,Cancelled,66.76,,,
10802,C0034,2024-12-22,Completed,84.61,2024-12-30,2025-01-03,12
10041,C0090,2024-01-18,Completed,222.69,2024-02-01,2024-02-04,17
11185,C0009,2025-06-28,Completed,267.84,2025-07-06,2025-07-14,16
10920,C0006,2025-02-16,Completed,213.46,2025-02-20,2025-02-26,10
10177,C0001,2024-03-11,Cancelled,83.36,,,
10180,C0096,2024-03-13,Completed,130.34,2024-03-15,2024-03-21,8
10419,C0176,2024-06-21,Completed,50.57,2024-06-23,2024-06-26,5
10843,C0097,2025-01-08,Completed,180.41,2025-01-13,2025-01-16,8
10221,C0113,2024-04-02,Completed,85.19,2024-04-12,2024-04-15,13
10386,C0105,2024-06-08,Refunded,143.2,,,
10842,C0067,2025-01-08,Completed,240.33,2025-01-11,2025-01-12,4
10004,C0111,2024-01-03,Completed,269.47,2024-01-15,2024-01-18,15
10696,C0129,11/01/2024,Pending,65.44,,,
10683,C0036,10/24/2024,Completed,47.74,2024-11-04,2024-11-09,16
10286,C0115,2024-05-02,Completed,226.41,2024-05-13,2024-05-22,20
10549,C0150,2024-08-19,Refunded,143.55,,,
10560,C0071,2024-08-26,Completed,74.74,2024-09-08,2024-09-11,16
10339,C0022,2024-05-24,Pending,208.13,,,
10125,C0114,2024-02-19,Cancelled,120.4,,,
10745,C0013,11/28/2024,Completed,73.19,2024-12-02,2024-12-07,9
10733,C0148,2024-11-20,Completed,315.4,2024-11-29,2024-12-04,14
10823,C0056,12/28/2024,Pending,77.03,,,
10452,C0016,2024-07-07,Completed,52.44,2024-07-11,2024-07-20,13
10774,C0106,2024-12-09,Completed,78.81,2024-12-14,2024-12-16,7
10513,C0147,2024-08-04,Completed,48.29,2024-08-18,2024-08-19,15
10463,C0116,2024-07-13,Completed,98.71,2024-07-21,2024-07-23,10
10768,C0074,2024-12-06,Completed,227.89,2024-12-14,2024-12-22,16
10340,C0022,05/24/2024,Completed,234.94,2024-06-04,2024-06-07,14
10854,C0161,2025-01-13,Refunded,39.03,,,
10998,C0132,2025-03-21,Refunded,102.74,,,
10482,C0139,07/22/2024,Completed,36.2,2024-07-23,2024-07-27,5
10321,C0005,2024-05-17,Completed,183.04,2024-05-22,2024-05-23,6
11104,C0091,05/11/2025,Completed,177.86,2025-05-17,2025-05-25,14
10239,C0122,2024-04-09,Completed,223.77,2024-04-16,2024-04-26,17
10381,C0030,2024-06-06,Completed,66.7,2024-06-13,2024-06-20,14
11067,C0152,2025-04-25,Cancelled,167.21,,,
10564,C0136,08/27/2024,Completed,26.22,2024-09-08,2024-09-12,16
10144,C0020,2024-02-27,Cancelled,202.58,,,
10080,C0094,2024-02-01,Completed,105.4,2024-02-04,2024-02-09,8
10189,C0069,2024-03-19,Completed,48.28,2024-03-29,2024-04-01,13
10838,C0038,01/05/2025,Completed,266.36,2025-01-09,2025-01-15,10
10681,C0133,2024-10-23,Completed,292.64,2024-11-01,2024-11-08,16
10734,C0057,2024-11-21,Pending,35.21,,,
10531,C0008,2024-08-14,Completed,270.71,2024-08-28,2024-08-29,15
10462,C0092,2024-07-11,Completed,224.77,2024-07-16,2024-07-19,8
10314,C0066,2024-05-15,Pending,232.34,,,
10535,C0151,2024-08-15,Completed,73.24,2024-08-20,2024-08-22,7
10749,C0148,2024-11-29,Cancelled,64.73,,,
10657,C0089,2024-10-13,Completed,215.55,2024-10-22,2024-10-25,12
10856,C0149,2025-01-13,Completed,84.68,2025-01-16,2025-01-21,8
10871,C0010,01/21/2025,Completed,159.79,2025-01-22,2025-01-26,5
10208,C0106,2024-03-27,Pending,75.45,,,
10282,C0006,2024-04-28,Completed,25.89,2024-05-02,2024-05-12,14
10596,C0099,2024-09-10,Completed,189.71,2024-09-20,2024-09-21,11
10684,C0055,2024-10-24,Completed,131.86,2024-11-05,2024-11-07,14
10816,C0140,2024-12-26,Completed,187.32,2025-01-07,2025-01-12,17
10056,C0147,2024-01-23,Completed,253.79,2024-01-24,2024-01-30,7
10680,C0045,2024-10-23,Completed,132.76,2024-11-03,2024-11-05,13
10610,C0032,2024-09-20,Pending,113.95,,,
10717,C0104,2024-11-12,Completed,29.53,2024-11-24,2024-11-26,14
10797,C0094,12/21/2024,Completed,213.22,2024-12-28,2024-12-31,10
10269,C0048,2024-04-24,Completed,301.07,2024-04-25,2024-04-30,6
10648,C0065,10/09/2024,Completed,267.38,2024-10-14,2024-10-21,12
11027,C0119,2025-04-06,Pending,29.13,,,
10945,C0170,2025-02-24,Completed,110.99,2025-03-06,2025-03-16,20
10069,C0060,2024-01-27,Completed,160.57,2024-02-07,2024-02-08,12
10140,C0145,2024-02-26,Pending,207.28,,,
10103,C0169,2024-02-11,Completed,214.79,2024-02-12,2024-02-13,2
10641,C0175,2024-10-05,Completed,259.88,2024-10-07,2024-10-14,9
10113,C0016,2024-02-14,Completed,190.7,2024-02-25,2024-02-27,13
10972,C0009,2025-03-09,Completed,310.37,2025-03-19,2025-03-22,13
10607,C0043,09/17/2024,Completed,236.47,2024-09-29,2024-10-06,19
10148,C0022,2024-02-28,Completed,36.55,2024-03-11,2024-03-19,20
10747,C0093,2024-11-28,Completed,263.95,2024-12-04,2024-12-05,7
10496,C0106,2024-07-27,Completed,128.61,2024-08-03,2024-08-05,9
10947,C0112,2025-02-25,Refunded,45.88,,,
11038,C0044,2025-04-14,Pending,207.0,,,
11157,C0147,2025-06-09,Completed,209.25,2025-06-11,2025-06-21,12
10562,C0110,2024-08-26,Completed,165.83,2024-08-27,2024-08-28,2
10952,C0140,2025-02-27,Completed,165.09,2025-03-03,2025-03-12,13
11049,C0048,2025-04-17,Completed,232.65,2025-04-18,2025-04-20,3
10804,C0160,2024-12-23,Refunded,17.94,,,
10604,C0117,2024-09-16,Completed,207.83,2024-09-24,2024-09-30,14
10557,C0106,2024-08-23,Completed,69.48,2024-08-27,2024-09-02,10
10329,C0025,2024-05-21,Completed,92.78,2024-06-04,2024-06-14,24
10624,C0038,2024-09-25,Completed,112.07,2024-10-08,2024-10-17,22
10628,C0014,2024-09-29,Completed,84.91,2024-10-13,2024-10-21,22
10798,C0005,2024-12-21,Cancelled,118.62,,,
10380,C0152,2024-06-06,Completed,117.39,2024-06-10,2024-06-15,9
10245,C0157,2024-04-13,Completed,242.07,2024-04-14,2024-04-17,4
10160,C0153,03/04/2024,Completed,78.35,2024-03-16,2024-03-26,22
11189,C0162,2025-06-30,Completed,65.15,2025-07-07,2025-07-11,11
10589,C0016,09/07/2024,Completed,293.81,2024-09-15,2024-09-25,18
10188,C0099,2024-03-18,Completed,171.38,2024-03-26,2024-04-01,14
11065,C0049,04/24/2025,Completed,261.59,2025-05-08,2025-05-17,23
10836,C0109,2025-01-04,Completed,119.62,2025-01-14,2025-01-15,11
10285,C0165,2024-05-01,Pending,148.26,,,
10852,C0100,2025-01-12,Completed,304.99,2025-01-16,2025-01-19,7
10689,C0154,2024-10-28,Completed,284.16,2024-11-09,2024-11-14,17
10026,C0114,2024-01-12,Completed,317.06,2024-01-17,2024-01-27,15
10222,C0082,2024-04-03,Pending,73.48,,,
10362,C0028,2024-06-01,Pending,92.07,,,
10280,C0024,2024-04-28,Completed,41.41,2024-05-01,2024-05-10,12
10697,C0155,2024-11-01,Completed,289.61,2024-11-14,2024-11-21,20
10558,C0105,2024-08-23,Completed,316.06,2024-08-26,2024-09-01,9
10181,C0062,2024-03-13,Pending,39.31,,,
10886,C0056,2025-01-31,Completed,158.85,2025-02-08,2025-02-10,10
10195,C0008,2024-03-20,Completed,225.04,2024-03-28,2024-03-29,9
11076,C0082,04/29/2025,Completed,242.86,2025-05-08,2025-05-14,15
11142,C0043,2025-06-03,Completed,117.18,2025-06-10,2025-06-18,15
10651,C0012,2024-10-10,Refunded,85.1,,,
10570,C0130,08/31/2024,Completed,234.78,2024-09-13,2024-09-14,14
10237,C0157,04/08/2024,Completed,317.23,2024-04-20,2024-04-25,17
10960,C0146,2025-03-01,Completed,58.38,2025-03-09,2025-03-11,10
10946,C0051,2025-02-25,Completed,118.4,2025-03-07,2025-03-12,15
11026,C0025,2025-04-05,Cancelled,169.13,,,
11113,C0152,2025-05-19,Completed,293.02,2025-05-20,2025-05-22,3
10416,C0081,2024-06-19,Completed,65.45,2024-07-02,2024-07-05,16
11042,C0064,2025-04-15,Completed,90.61,2025-04-25,2025-04-28,13
10910,C0039,2025-02-11,Completed,125.05,2025-02-18,2025-02-27,16
10973,C0127,2025-03-09,Pending,117.7,,,
10659,C0014,2024-10-15,Pending,198.28,,,
10988,C0029,2025-03-16,Refunded,85.31,,,
10978,C0004,2025-03-12,Completed,157.4,2025-03-23,2025-03-29,17
10458,C0028,07/09/2024,Completed,157.62,2024-07-15,2024-07-22,13
11181,C0065,2025-06-26,Completed,213.49,2025-07-08,2025-07-14,18
10284,C0018,05/01/2024,Completed,145.62,2024-05-14,2024-05-17,16
10732,C0096,2024-11-20,Cancelled,265.79,,,
10100,C0092,2024-02-09,Completed,29.66,2024-02-14,2024-02-15,6
10967,C0145,03/04/2025,Completed,164.58,2025-03-07,2025-03-17,13
10337,C0084,2024-05-23,Completed,256.15,2024-05-31,2024-06-08,16
11085,C0171,2025-05-01,Completed,236.21,2025-05-08,2025-05-14,13
11046,C0056,2025-04-16,Completed,95.52,2025-04-18,2025-04-19,3
10588,C0108,2024-09-07,Cancelled,29.14,,,
10008,C0146,2024-01-04,Cancelled,80.26,,,
10813,C0141,2024-12-25,Completed,218.97,2025-01-03,2025-01-13,19
10728,C0047,2024-11-17,Pending,190.52,,,
10555,C0121,2024-08-22,Completed,197.15,2024-09-01,2024-09-03,12
11074,C0089,2025-04-28,Completed,184.26,2025-05-01,2025-05-10,12
10101,C0108,02/10/2024,Completed,43.75,2024-02-18,2024-02-24,14
10327,C0122,2024-05-21,Completed,232.34,2024-05-23,2024-05-31,10
10279,C0084,2024-04-27,Completed,225.69,2024-05-09,2024-05-19,22
10328,C0112,2024-05-21,Cancelled,172.85,,,
11004,C0028,2025-03-25,Cancelled,154.98,,,
10003,C0166,01/03/2024,Completed,148.92,2024-01-11,2024-01-13,10
10931,C0025,2025-02-19,Completed,215.1,2025-03-04,2025-03-12,21
10352,C0077,2024-05-29,Completed,230.11,2024-06-06,2024-06-12,14
10553,C0175,2024-08-21,Completed,90.56,2024-08-25,2024-08-30,9
10220,C0124,2024-03-30,Completed,227.07,2024-04-04,2024-04-12,13
10396,C0090,2024-06-11,Completed,183.94,2024-06-17,2024-06-22,11
10394,C0177,2024-06-10,Completed,205.03,2024-06-17,2024-06-20,10
10005,C0112,2024-01-03,Completed,309.81,2024-01-08,2024-01-18,15
10355,C0030,2024-05-30,Completed,319.19,2024-06-02,2024-06-11,12
10411,C0014,2024-06-17,Completed,239.17,2024-06-30,2024-07-04,17
10118,C0144,2024-02-15,Pending,154.48,,,
10204,C0041,2024-03-24,Refunded,97.69,,,
10491,C0146,2024-07-25,Completed,118.87,2024-08-07,2024-08-17,23
10083,C0143,02/01/2024,Completed,141.4,2024-02-06,2024-02-15,14
10170,C0099,2024-03-08,Completed,33.32,2024-03-10,2024-03-16,8
10916,C0135,2025-02-14,Completed,67.27,2025-02-28,2025-03-02,16
10336,C0155,2024-05-23,Pending,196.33,,,
10374,C0008,2024-06-04,Pending,59.46,,,
10182,C0035,2024-03-14,Completed,124.87,2024-03-25,2024-03-28,14
10575,C0070,2024-09-03,Cancelled,57.7,,,
10874,C0119,2025-01-22,Completed,205.87,2025-01-23,2025-02-01,10
10603,C0131,2024-09-14,Completed,223.08,2024-09-20,2024-09-26,12
10392,C0077,2024-06-09,Completed,127.83,2024-06-23,2024-06-25,16
10895,C0135,2025-02-04,Completed,230.27,2025-02-14,2025-02-15,11
11151,C0084,2025-06-06,Completed,279.69,2025-06-16,2025-06-25,19
10404,C0163,2024-06-14,Cancelled,236.34,,,
10737,C0098,11/23/2024,Completed,131.67,2024-12-07,2024-12-12,19
10408,C0118,06/15/2024,Completed,278.01,2024-06-23,2024-07-01,16
10870,C0157,2025-01-21,Pending,137.19,,,
11063,C0161,2025-04-24,Completed,311.02,2025-05-03,2025-05-06,12
10186,C0010,2024-03-16,Pending,98.84,,,
10036,C0127,01/17/2024,Completed,36.76,2024-01-24,2024-01-30,13
10501,C0168,2024-07-30,Completed,153.09,2024-07-31,2024-08-02,3
10395,C0158,2024-06-10,Completed,264.99,2024-06-23,2024-06-24,14
10779,C0119,2024-12-13,Refunded,109.01,,,
10393,C0031,2024-06-10,Pending,70.95,,,
10699,C0059,2024-11-01,Completed,137.46,2024-11-11,2024-11-21,20
10018,C0153,2024-01-09,Completed,270.63,2024-01-14,2024-01-18,9
10145,C0099,2024-02-28,Completed,306.5,2024-03-11,2024-03-12,13
10137,C0131,2024-02-26,Completed,128.07,2024-03-09,2024-03-12,15
10719,C0071,2024-11-13,Completed,82.38,2024-11-20,2024-11-30,17
11005,C0113,2025-03-25,Pending,11.29,,,
10316,C0126,2024-05-16,Completed,184.93,2024-05-27,2024-05-28,12
10283,C0089,05/01/2024,Refunded,303.7,,,
10741,C0026,2024-11-26,Pending,56.98,,,
10755,C0151,2024-12-02,Completed,147.13,2024-12-05,2024-12-06,4
10055,C0097,2024-01-23,Completed,281.53,2024-02-04,2024-02-08,16
10162,C0061,2024-03-04,Completed,246.96,2024-03-17,2024-03-25,21
10796,C0142,12/20/2024,Completed,70.73,2024-12-25,2024-12-30,10
10098,C0153,2024-02-09,Completed,315.29,2024-02-12,2024-02-21,12
10315,C0126,05/15/2024,Completed,259.52,2024-05-18,2024-05-21,6
10065,C0026,01/26/2024,Completed,113.34,2024-01-27,2024-01-28,2
10154,C0034,2024-03-02,Completed,49.99,2024-03-11,2024-03-18,16
10070,C0120,2024-01-27,Completed,71.6,2024-02-04,2024-02-10,14
10654,C0140,2024-10-12,Completed,67.5,2024-10-23,2024-10-29,17
10016,C0050,01/07/2024,Completed,183.08,2024-01-20,2024-01-23,16
10325,C0063,2024-05-20,Refunded,202.64,,,
10631,C0046,09/30/2024,Refunded,251.64,,,
10810,C0050,2024-12-24,Completed,193.16,2024-12-27,2025-01-05,12
10075,C0128,2024-01-30,Completed,92.88,2024-02-12,2024-02-18,19
10351,C0086,2024-05-29,Completed,278.55,2024-06-08,2024-06-11,13
10532,C0064,2024-08-14,Completed,295.82,2024-08-26,2024-08-30,16
10119,C0007,2024-02-15,Completed,269.69,2024-02-20,2024-02-21,6
10866,C0004,2025-01-20,Completed,90.65,2025-01-31,2025-02-04,15
10001,C0027,2024-01-01,Refunded,198.68,,,
10868,C0126,2025-01-20,Refunded,75.63,,,
10116,C0040,2024-02-14,Cancelled,149.87,,,
11022,C0178,2025-04-04,Completed,213.75,2025-04-13,2025-04-21,17
10989,C0020,2025-03-16,Cancelled,267.16,,,
10257,C0085,2024-04-20,Refunded,89.53,,,
10397,C0075,2024-06-11,Completed,278.11,2024-06-22,2024-06-24,13
10514,C0129,2024-08-04,Completed,261.13,2024-08-15,2024-08-25,21
11016,C0036,2025-03-31,Completed,258.96,2025-04-13,2025-04-14,14
10794,C0113,2024-12-20,Completed,230.63,2024-12-24,2025-01-03,14
10542,C0102,08/17/2024,Completed,175.9,2024-08-28,2024-09-03,17
10037,C0155,01/17/2024,Completed,92.53,2024-01-28,2024-02-07,21
10201,C0074,2024-03-24,Refunded,65.56,,,
11184,C0042,2025-06-28,Completed,284.44,2025-07-11,2025-07-18,20
10795,C0048,2024-12-20,Completed,241.06,2024-12-25,2025-01-04,15
10467,C0166,2024-07-14,Completed,52.13,2024-07-28,2024-08-03,20
10459,C0031,2024-07-09,Completed,252.25,2024-07-17,2024-07-22,13
10711,C0010,2024-11-11,Pending,230.18,,,
10791,C0180,2024-12-18,Completed,62.12,2024-12-22,2024-12-28,10
10656,C0147,2024-10-12,Completed,186.52,2024-10-14,2024-10-19,7
10573,C0030,2024-08-31,Completed,61.46,2024-09-05,2024-09-13,13
10078,C0166,2024-01-30,Completed,155.04,2024-02-09,2024-02-15,16
10661,C0149,2024-10-15,Completed,130.36,2024-10-26,2024-10-30,15
10202,C0019,03/24/2024,Completed,235.44,2024-03-26,2024-04-01,8
10544,C0124,2024-08-17,Completed,106.56,2024-08-23,2024-08-28,11
10358,C0036,2024-05-31,Cancelled,40.6,,,
10888,C0054,2025-02-01,Completed,41.24,2025-02-07,2025-02-08,7
10715,C0044,11/12/2024,Refunded,28.69,,,
10640,C0062,2024-10-05,Cancelled,202.24,,,
11006,C0152,2025-03-25,Completed,43.58,2025-04-03,2025-04-08,14
10814,C0114,2024-12-25,Completed,187.27,2024-12-31,2025-01-06,12
11000,C0032,2025-03-23,Completed,317.52,2025-03-29,2025-04-03,11
10264,C0165,2024-04-23,Completed,287.33,2024-04-26,2024-05-05,12
10566,C0129,2024-08-27,Completed,44.26,2024-08-28,2024-09-02,6
10545,C0067,2024-08-17,Cancelled,146.76,,,
10034,C0079,2024-01-15,Completed,192.92,2024-01-20,2024-01-28,13
10390,C0094,2024-06-09,Completed,37.28,2024-06-21,2024-06-29,20
10704,C0067,2024-11-04,Completed,132.87,2024-11-09,2024-11-16,12
10429,C0130,2024-06-25,Completed,172.81,2024-07-02,2024-07-09,14
10800,C0175,2024-12-21,Completed,70.47,2024-12-26,2025-01-01,11
10138,C0061,02/26/2024,Completed,83.2,2024-03-07,2024-03-10,13
10846,C0028,2025-01-09,Completed,285.6,2025-01-16,2025-01-20,11
10198,C0020,03/23/2024,Completed,133.25,2024-03-29,2024-04-03,11
10547,C0104,2024-08-19,Cancelled,21.07,,,
10864,C0035,2025-01-18,Completed,163.29,2025-01-29,2025-02-04,17
10253,C0038,04/16/2024,Completed,306.82,2024-04-18,2024-04-24,8
10122,C0056,2024-02-19,Completed,125.56,2024-02-25,2024-03-01,11
10123,C0084,2024-02-19,Pending,184.49,,,
11015,C0174,2025-03-31,Completed,312.88,2025-04-10,2025-04-19,19
10027,C0159,2024-01-12,Completed,243.33,2024-01-25,2024-01-29,17
10999,C0058,2025-03-23,Completed,228.33,2025-04-05,2025-04-13,21
10861,C0071,2025-01-17,Completed,56.5,2025-01-20,2025-01-21,4
10940,C0146,2025-02-22,Completed,94.67,2025-03-05,2025-03-07,13
10688,C0038,10/28/2024,Completed,297.12,2024-11-06,2024-11-13,16
10212,C0040,03/28/2024,Completed,120.18,2024-04-09,2024-04-13,16
10968,C0160,2025-03-06,Completed,49.34,2025-03-15,2025-03-17,11
11135,C0128,2025-05-30,Completed,64.71,2025-06-01,2025-06-02,3
11047,C0123,2025-04-16,Cancelled,209.35,,,
10200,C0144,2024-03-23,Completed,101.79,2024-03-31,2024-04-04,12
10891,C0157,2025-02-01,Cancelled,170.67,,,
11020,C0097,04/01/2025,Pending,101.42,,,
10983,C0141,2025-03-14,Completed,270.35,2025-03-15,2025-03-22,8
10313,C0085,2024-05-14,Completed,270.84,2024-05-22,2024-05-31,17
10372,C0045,06/04/2024,Completed,190.16,2024-06-12,2024-06-16,12
10586,C0069,09/07/2024,Pending,113.6,,,
10319,C0003,2024-05-16,Completed,135.09,2024-05-26,2024-06-05,20
10209,C0082,03/27/2024,Cancelled,107.55,,,
10943,C0176,2025-02-23,Completed,136.78,2025-03-03,2025-03-04,9
11150,C0177,2025-06-05,Completed,58.77,2025-06-08,2025-06-09,4
10439,C0161,2024-06-30,Completed,175.68,2024-07-01,2024-07-09,9
10890,C0023,02/01/2025,Completed,318.15,2025-02-04,2025-02-09,8
10401,C0116,2024-06-13,Completed,284.64,2024-06-15,2024-06-22,9
10869,C0011,2025-01-21,Completed,137.21,2025-01-27,2025-02-03,13
10147,C0039,2024-02-28,Completed,264.24,2024-03-13,2024-03-19,20
10550,C0057,2024-08-19,Refunded,239.75,,,
10479,C0148,2024-07-19,Completed,272.57,2024-08-02,2024-08-05,17
11124,C0035,2025-05-22,Completed,232.9,2025-05-31,2025-06-01,10
11137,C0040,2025-06-01,Completed,53.42,2025-06-03,2025-06-12,11
10850,C0101,01/10/2025,Pending,69.55,,,
10132,C0148,2024-02-24,Completed,234.3,2024-03-02,2024-03-07,12
10777,C0069,2024-12-12,Completed,239.5,2024-12-16,2024-12-18,6
10721,C0076,2024-11-14,Completed,261.87,2024-11-19,2024-11-28,14
10658,C0048,2024-10-14,Completed,99.56,2024-10-16,2024-10-19,5
10554,C0085,2024-08-22,Completed,111.75,2024-09-05,2024-09-07,16
10686,C0173,2024-10-24,Completed,199.28,2024-11-04,2024-11-11,18
10900,C0075,02/05/2025,Completed,32.08,2025-02-16,2025-02-18,13
10224,C0116,04/04/2024,Completed,39.93,2024-04-11,2024-04-21,17
10175,C0017,2024-03-11,Completed,172.45,2024-03-20,2024-03-21,10
10012,C0166,2024-01-06,Refunded,94.54,,,
10598,C0062,2024-09-13,Completed,39.85,2024-09-17,2024-09-26,13
10444,C0070,2024-07-02,Completed,60.22,2024-07-13,2024-07-14,12
11172,C0155,2025-06-19,Completed,290.67,2025-06-26,2025-07-02,13
10206,C0127,2024-03-25,Completed,193.82,2024-04-02,2024-04-11,17
10165,C0129,2024-03-06,Completed,72.81,2024-03-10,2024-03-20,14
10527,C0035,2024-08-11,Completed,155.72,2024-08-25,2024-08-31,20
11069,C0059,2025-04-25,Completed,110.0,2025-05-09,2025-05-10,15
11033,C0029,2025-04-11,Completed,94.95,2025-04-18,2025-04-22,11
10228,C0118,2024-04-05,Completed,129.1,2024-04-06,2024-04-11,6
10297,C0143,2024-05-09,Completed,293.92,2024-05-20,2024-05-27,18
10614,C0156,2024-09-21,Completed,138.48,2024-10-01,2024-10-05,14
10997,C0069,2025-03-21,Completed,291.86,2025-03-31,2025-04-01,11
10141,C0083,2024-02-27,Cancelled,97.21,,,
10334,C0174,2024-05-22,Completed,247.9,2024-05-25,2024-05-27,5
10227,C0128,2024-04-05,Completed,51.56,2024-04-12,2024-04-21,16
10889,C0038,2025-02-01,Completed,272.21,2025-02-06,2025-02-12,11
10743,C0046,2024-11-27,Completed,318.69,2024-12-11,2024-12-20,23
10010,C0153,2024-01-05,Refunded,125.02,,,
10258,C0141,2024-04-20,Completed,300.83,2024-04-28,2024-05-06,16
10384,C0036,2024-06-07,Completed,158.05,2024-06-08,2024-06-14,7
10872,C0138,2025-01-22,Completed,36.58,2025-01-29,2025-02-07,16
10421,C0036,2024-06-21,Completed,49.85,2024-06-30,2024-07-10,19
11095,C0032,2025-05-06,Cancelled,46.76,,,
10787,C0004,2024-12-16,Completed,197.49,2024-12-23,2024-12-27,11
10296,C0037,2024-05-09,Cancelled,72.41,,,
10278,C0016,2024-04-26,Completed,84.64,2024-05-05,2024-05-08,12
10317,C0135,2024-05-16,Completed,46.93,2024-05-30,2024-05-31,15
10494,C0115,2024-07-26,Completed,98.61,2024-07-28,2024-08-03,8
10044,C0132,2024-01-20,Completed,185.07,2024-01-27,2024-01-28,8
11136,C0174,2025-06-01,Completed,137.88,2025-06-12,2025-06-18,17
10330,C0122,05/21/2024,Completed,46.93,2024-05-26,2024-06-04,14
10064,C0059,01/26/2024,Pending,261.0,,,
10357,C0075,05/30/2024,Refunded,235.63,,,
10288,C0101,05/02/2024,Completed,313.72,2024-05-16,2024-05-17,15
10389,C0127,2024-06-09,Completed,193.95,2024-06-14,2024-06-23,14
11188,C0141,2025-06-29,Pending,191.75,,,
11112,C0020,2025-05-16,Completed,248.41,2025-05-17,2025-05-21,5
10013,C0057,2024-01-06,Completed,115.33,2024-01-16,2024-01-22,16
11102,C0025,2025-05-10,Completed,185.4,2025-05-24,2025-05-30,20
10587,C0103,2024-09-07,Completed,105.19,2024-09-14,2024-09-22,15
10984,C0026,03/14/2025,Completed,156.55,2025-03-18,2025-03-23,9
10143,C0019,2024-02-27,Completed,36.09,2024-03-04,2024-03-09,11
10227,C0128,2024-04-05,Completed,51.56,2024-04-12,2024-04-21,16
10344,C0154,2024-05-27,Completed,28.64,2024-06-03,2024-06-10,14
10885,C0128,2025-01-31,Completed,26.7,2025-02-08,2025-02-12,12
10277,C0135,2024-04-26,Completed,131.73,2024-05-06,2024-05-08,12
10174,C0074,2024-03-10,Completed,39.09,2024-03-17,2024-03-27,17
10517,C0153,2024-08-06,Completed,239.5,2024-08-19,2024-08-21,15
10718,C0024,2024-11-12,Completed,269.78,2024-11-22,2024-11-28,16
10199,C0064,03/23/2024,Completed,79.88,2024-04-01,2024-04-08,16
10829,C0179,01/01/2025,Completed,223.72,2025-01-08,2025-01-16,15
10599,C0165,2024-09-13,Completed,94.32,2024-09-21,2024-09-29,16
10341,C0100,2024-05-24,Completed,52.0,2024-05-29,2024-06-06,13
10903,C0083,02/09/2025,Pending,122.51,,,
10046,C0014,2024-01-20,Completed,63.65,2024-01-25,2024-02-02,13
10963,C0176,2025-03-03,Cancelled,142.9,,,
10077,C0169,2024-01-30,Refunded,196.11,,,
10652,C0176,2024-10-11,Completed,108.05,2024-10-19,2024-10-26,15
10510,C0145,08/02/2024,Completed,230.46,2024-08-04,2024-08-06,4
11048,C0007,2025-04-17,Completed,65.89,2025-04-29,2025-05-06,19
10236,C0086,2024-04-07,Completed,68.94,2024-04-16,2024-04-19,12
10936,C0027,2025-02-21,Completed,260.04,2025-02-27,2025-03-08,15
10612,C0142,2024-09-20,Completed,167.46,2024-09-29,2024-10-02,12
10071,C0077,2024-01-28,Cancelled,141.71,,,
10068,C0157,2024-01-27,Completed,96.04,2024-02-06,2024-02-09,13
10698,C0134,2024-11-01,Completed,37.81,2024-11-10,2024-11-17,16
11127,C0049,2025-05-23,Completed,261.72,2025-06-03,2025-06-09,17
10477,C0136,2024-07-17,Completed,319.88,2024-07-20,2024-07-22,5
10934,C0117,02/20/2025,Completed,165.22,2025-02-26,2025-03-06,14
11186,C0086,2025-06-29,Refunded,109.59,,,
10232,C0093,2024-04-06,Completed,138.97,2024-04-14,2024-04-23,17
10685,C0170,2024-10-24,Completed,122.42,2024-10-26,2024-11-03,10
11053,C0094,04/19/2025,Completed,132.85,2025-04-29,2025-04-30,11
10811,C0143,2024-12-24,Completed,251.05,2025-01-03,2025-01-09,16
10247,C0081,2024-04-14,Completed,182.27,2024-04-23,2024-04-29,15
10585,C0003,2024-09-06,Completed,75.3,2024-09-12,2024-09-20,14
10770,C0096,2024-12-08,Completed,190.36,2024-12-15,2024-12-19,11
10035,C0177,2024-01-17,Completed,303.09,2024-01-26,2024-02-04,18
10901,C0158,2025-02-06,Completed,123.47,2025-02-15,2025-02-19,13
10281,C0107,2024-04-28,Completed,189.85,2024-05-09,2024-05-14,16
10574,C0053,2024-09-01,Refunded,16.49,,,
10002,C0011,2024-01-03,Completed,220.15,2024-01-05,2024-01-14,11
10764,C0117,2024-12-05,Cancelled,171.55,,,
10379,C0118,06/05/2024,Cancelled,192.49,,,
11111,C0079,2025-05-16,Completed,314.43,2025-05-23,2025-05-25,9
10876,C0150,2025-01-24,Refunded,74.2,,,
11106,C0144,2025-05-12,Cancelled,273.02,,,
11153,C0097,2025-06-06,Completed,193.9,2025-06-19,2025-06-27,21
10025,C0156,2024-01-11,Completed,91.58,2024-01-20,2024-01-27,16
10216,C0169,2024-03-29,Cancelled,181.09,,,
11045,C0127,04/16/2025,Completed,247.16,2025-04-28,2025-05-05,19
11132,C0070,2025-05-30,Pending,124.69,,,
10169,C0090,2024-03-08,Completed,141.95,2024-03-14,2024-03-18,10
10451,C0079,2024-07-07,Completed,315.02,2024-07-14,2024-07-22,15
10406,C0083,2024-06-14,Completed,195.49,2024-06-24,2024-07-02,18
10793,C0050,2024-12-18,Completed,130.66,2024-12-21,2024-12-26,8
10896,C0028,2025-02-04,Completed,210.55,2025-02-06,2025-02-14,10
11039,C0164,2025-04-14,Cancelled,134.33,,,
10597,C0130,2024-09-12,Completed,281.48,2024-09-14,2024-09-22,10
11121,C0122,2025-05-21,Completed,79.61,2025-06-01,2025-06-03,13
10767,C0078,12/05/2024,Completed,265.54,2024-12-19,2024-12-22,17
10919,C0023,2025-02-16,Completed,38.61,2025-02-25,2025-03-02,14
10724,C0151,2024-11-14,Completed,101.06,2024-11-21,2024-11-25,11
11167,C0106,2025-06-13,Completed,215.58,2025-06-18,2025-06-28,15
10782,C0114,2024-12-15,Completed,34.89,2024-12-23,2024-12-25,10
10761,C0034,2024-12-03,Completed,33.43,2024-12-14,2024-12-20,17
11148,C0025,2025-06-05,Completed,130.42,2025-06-11,2025-06-12,7
10293,C0063,05/06/2024,Pending,104.72,,,
10431,C0072,2024-06-25,Completed,175.83,2024-06-29,2024-07-02,7
10643,C0131,2024-10-06,Completed,112.45,2024-10-17,2024-10-21,15
10982,C0173,2025-03-13,Completed,178.39,2025-03-24,2025-03-27,14
10210,C0033,2024-03-27,Pending,166.15,,,
10551,C0130,2024-08-20,Completed,272.99,2024-08-29,2024-09-01,12
10592,C0029,2024-09-08,Completed,43.68,2024-09-19,2024-09-25,17
10473,C0064,2024-07-16,Cancelled,58.15,,,
10468,C0032,2024-07-14,Completed,39.94,2024-07-24,2024-07-31,17
10834,C0144,2025-01-03,Cancelled,84.37,,,
10383,C0178,2024-06-06,Cancelled,31.72,,,
10970,C0045,2025-03-09,Completed,219.45,2025-03-15,2025-03-18,9
11155,C0043,2025-06-07,Cancelled,137.21,,,
10594,C0087,2024-09-10,Completed,231.67,2024-09-12,2024-09-19,9
10636,C0057,2024-10-03,Completed,256.95,2024-10-06,2024-10-13,10
10714,C0074,11/11/2024,Completed,201.86,2024-11-20,2024-11-24,13
10061,C0160,2024-01-25,Refunded,25.81,,,
11094,C0040,2025-05-06,Completed,213.96,2025-05-17,2025-05-25,19
11176,C0081,2025-06-21,Completed,242.48,2025-07-04,2025-07-08,17
10263,C0003,2024-04-22,Completed,56.65,2024-04-28,2024-05-03,11
10361,C0010,2024-06-01,Completed,264.63,2024-06-11,2024-06-13,12
10478,C0064,2024-07-17,Cancelled,155.78,,,
10235,C0155,2024-04-07,Completed,36.88,2024-04-08,2024-04-11,4
10487,C0026,2024-07-24,Completed,65.25,2024-07-27,2024-08-03,10
11131,C0060,2025-05-29,Completed,107.16,2025-06-10,2025-06-20,22
10986,C0154,03/15/2025,Cancelled,110.86,,,
10259,C0167,2024-04-20,Completed,109.74,2024-04-25,2024-04-26,6
11062,C0071,2025-04-23,Completed,171.42,2025-05-07,2025-05-11,18
10969,C0072,03/06/2025,Completed,107.89,2025-03-20,2025-03-25,19
10785,C0032,2024-12-16,Completed,113.15,2024-12-22,2024-12-23,7
11061,C0118,04/21/2025,Completed,289.89,2025-04-26,2025-04-28,7
10375,C0100,2024-06-04,Completed,85.71,2024-06-17,2024-06-19,15
10251,C0082,2024-04-15,Completed,300.44,2024-04-28,2024-05-03,18
10563,C0052,2024-08-27,Pending,15.32,,,
10226,C0081,2024-04-05,Completed,171.99,2024-04-14,2024-04-22,17
10832,C0141,2025-01-02,Completed,142.57,2025-01-09,2025-01-12,10
10326,C0168,2024-05-20,Cancelled,29.73,,,
10256,C0062,04/17/2024,Completed,292.03,2024-04-21,2024-04-25,8
10623,C0052,2024-09-25,Completed,72.48,2024-09-30,2024-10-05,10
10136,C0057,2024-02-25,Completed,47.53,2024-03-07,2024-03-09,13
10712,C0134,2024-11-11,Completed,201.25,2024-11-24,2024-11-27,16
10778,C0039,2024-12-12,Completed,125.86,2024-12-17,2024-12-25,13
11055,C0053,2025-04-19,Completed,95.4,2025-04-21,2025-04-29,10
10736,C0118,2024-11-21,Completed,160.72,2024-12-03,2024-12-04,13
11011,C0159,2025-03-29,Completed,216.39,2025-03-30,2025-04-02,4
10756,C0033,2024-12-02,Pending,81.45,,,
10613,C0178,09/20/2024,Completed,265.5,2024-09-22,2024-09-29,9
10270,C0099,2024-04-24,Completed,103.76,2024-04-30,2024-05-05,11
10579,C0054,2024-09-04,Refunded,36.99,,,
10922,C0172,2025-02-16,Completed,71.46,2025-02-18,2025-02-19,3
10040,C0150,2024-01-18,Completed,170.06,2024-01-20,2024-01-28,10
10229,C0127,2024-04-05,Completed,218.01,2024-04-13,2024-04-18,13
10110,C0107,02/13/2024,Pending,115.53,,,
10244,C0081,04/13/2024,Completed,228.7,2024-04-20,2024-04-29,16
10067,C0106,2024-01-27,Completed,78.12,2024-01-30,2024-02-01,5
10455,C0146,2024-07-08,Completed,309.44,2024-07-12,2024-07-17,9
10608,C0157,2024-09-19,Completed,299.41,2024-09-26,2024-09-30,11
10032,C0151,2024-01-13,Cancelled,31.71,,,
11072,C0042,04/27/2025,Completed,318.16,2025-05-07,2025-05-10,13
10914,C0029,2025-02-13,Completed,254.45,2025-02-15,2025-02-23,10
10556,C0121,2024-08-22,Completed,280.91,2024-08-29,2024-09-07,16
11141,C0010,06/03/2025,Completed,219.53,2025-06-16,2025-06-21,18
11024,C0047,2025-04-04,Refunded,225.66,,,
10365,C0143,2024-06-02,Completed,90.2,2024-06-08,2024-06-15,13
10076,C0057,2024-01-30,Cancelled,82.0,,,
10051,C0142,2024-01-22,Completed,296.95,2024-01-31,2024-02-03,12
10324,C0069,05/20/2024,Completed,307.99,2024-05-28,2024-06-07,18
10185,C0080,2024-03-16,Completed,265.54,2024-03-24,2024-03-29,13
10399,C0168,2024-06-11,Completed,64.14,2024-06-14,2024-06-20,9
10422,C0154,2024-06-21,Pending,199.59,,,
11130,C0051,2025-05-29,Completed,273.99,2025-06-05,2025-06-07,9
11138,C0127,2025-06-01,Completed,220.32,2025-06-09,2025-06-18,17
10539,C0034,08/16/2024,Cancelled,119.3,,,
10168,C0038,03/08/2024,Completed,293.6,2024-03-22,2024-03-30,22
11029,C0073,2025-04-09,Completed,123.62,2025-04-22,2025-04-30,21
10875,C0037,2025-01-22,Completed,158.25,2025-02-03,2025-02-12,21
10921,C0052,2025-02-16,Completed,182.02,2025-03-01,2025-03-09,21
11147,C0090,2025-06-04,Pending,184.94,,,
11031,C0132,04/11/2025,Completed,94.41,2025-04-19,2025-04-29,18
10784,C0080,12/15/2024,Completed,239.83,2024-12-27,2025-01-05,21
10581,C0039,2024-09-04,Completed,47.14,2024-09-16,2024-09-18,14
11040,C0059,2025-04-14,Completed,178.92,2025-04-28,2025-05-02,18
10735,C0123,11/21/2024,Completed,127.45,2024-12-05,2024-12-08,17
10367,C0007,06/02/2024,Completed,147.71,2024-06-04,2024-06-06,4
11043,C0147,2025-04-15,Completed,38.05,2025-04-23,2025-05-02,17
10949,C0016,2025-02-26,Completed,310.53,2025-02-27,2025-03-08,10
10996,C0039,2025-03-21,Cancelled,229.72,,,
10146,C0116,2024-02-28,Completed,119.85,2024-03-07,2024-03-16,17
10307,C0123,2024-05-12,Completed,232.61,2024-05-19,2024-05-23,11
10359,C0109,05/31/2024,Completed,317.26,2024-06-08,2024-06-18,18
11091,C0107,2025-05-04,Completed,234.52,2025-05-17,2025-05-20,16
10242,C0123,2024-04-10,Completed,237.75,2024-04-23,2024-04-30,20
10700,C0035,2024-11-03,Completed,93.59,2024-11-17,2024-11-19,16
11149,C0170,2025-06-05,Completed,216.18,2025-06-15,2025-06-17,12
11057,C0069,2025-04-20,Completed,106.76,2025-04-22,2025-04-28,8
10953,C0099,2025-02-27,Completed,70.51,2025-03-13,2025-03-16,17
10789,C0096,12/17/2024,Pending,26.03,,,
10128,C0015,2024-02-21,Completed,303.87,2024-03-05,2024-03-08,16
10691,C0044,2024-10-28,Completed,202.25,2024-11-10,2024-11-20,23
10127,C0135,2024-02-21,Cancelled,89.07,,,
10363,C0157,2024-06-01,Completed,215.28,2024-06-12,2024-06-19,18
10630,C0155,2024-09-30,Completed,309.47,2024-10-05,2024-10-13,13
10827,C0168,2024-12-30,Completed,212.0,2025-01-10,2025-01-17,18
10601,C0168,09/14/2024,Completed,146.64,2024-09-23,2024-10-02,18
10062,C0173,2024-01-25,Completed,118.42,2024-02-06,2024-02-14,20
10840,C0004,2025-01-07,Completed,57.83,2025-01-15,2025-01-23,16
10605,C0030,2024-09-17,Completed,90.42,2024-09-23,2024-09-29,12
10727,C0046,2024-11-17,Completed,89.48,2024-11-27,2024-12-02,15
10880,C0099,2025-01-28,Pending,169.75,,,
11107,C0142,2025-05-12,Refunded,36.48,,,
11092,C0048,2025-05-05,Completed,169.72,2025-05-19,2025-05-24,19
11160,C0130,2025-06-10,Completed,184.28,2025-06-14,2025-06-21,11
10024,C0145,01/11/2024,Completed,98.22,2024-01-20,2024-01-27,16
10164,C0174,2024-03-06,Completed,161.2,2024-03-11,2024-03-18,12
10649,C0116,2024-10-10,Cancelled,67.77,,,
11088,C0074,2025-05-02,Completed,311.26,2025-05-09,2025-05-16,14
10320,C0169,05/17/2024,Completed,182.0,2024-05-24,2024-05-25,8
10524,C0010,2024-08-10,Completed,122.79,2024-08-14,2024-08-15,5
10915,C0007,2025-02-14,Completed,70.45,2025-02-20,2025-02-28,14
10219,C0008,2024-03-30,Completed,185.95,2024-04-10,2024-04-15,16
11089,C0151,05/03/2025,Completed,86.3,2025-05-11,2025-05-20,17
10569,C0104,2024-08-29,Completed,239.51,2024-09-01,2024-09-05,7
10130,C0034,2024-02-22,Completed,92.88,2024-03-02,2024-03-08,15
10694,C0005,2024-10-30,Completed,293.26,2024-11-10,2024-11-17,18
10616,C0036,2024-09-21,Completed,286.5,2024-09-30,2024-10-05,14
10572,C0013,08/31/2024,Cancelled,90.67,,,
11079,C0087,04/30/2025,Refunded,54.56,,,
11133,C0122,2025-05-30,Cancelled,92.24,,,
10203,C0171,2024-03-24,Completed,187.25,2024-03-29,2024-04-03,10
10812,C0180,2024-12-25,Cancelled,47.62,,,
10354,C0063,2024-05-30,Completed,265.87,2024-06-06,2024-06-12,13
10622,C0004,09/25/2024,Completed,137.36,2024-09-26,2024-09-27,2
10635,C0147,2024-10-03,Completed,256.29,2024-10-09,2024-10-18,15
10933,C0101,2025-02-20,Completed,221.23,2025-03-05,2025-03-11,19
10414,C0179,2024-06-18,Completed,316.51,2024-06-25,2024-06-28,10
10151,C0166,02/29/2024,Completed,52.88,2024-03-11,2024-03-18,18
10729,C0052,2024-11-17,Completed,282.46,2024-11-21,2024-11-25,8
10287,C0035,2024-05-02,Cancelled,59.7,,,
10751,C0021,2024-11-29,Completed,161.81,2024-12-02,2024-12-05,6
10706,C0124,2024-11-06,Completed,195.41,2024-11-19,2024-11-26,20
10845,C0120,2025-01-08,Cancelled,34.03,,,
10312,C0142,2024-05-14,Completed,148.19,2024-05-17,2024-05-21,7
10928,C0162,2025-02-18,Refunded,107.27,,,
10430,C0180,06/25/2024,Completed,183.29,2024-07-05,2024-07-08,13
10883,C0108,2025-01-28,Completed,251.75,2025-02-05,2025-02-10,13
11060,C0173,2025-04-21,Refunded,104.67,,,
10060,C0168,01/25/2024,Completed,255.55,2024-01-30,2024-02-05,11
11012,C0162,2025-03-29,Completed,267.12,2025-03-31,2025-04-08,10
10740,C0094,2024-11-25,Completed,78.07,2024-11-28,2024-12-08,13
11017,C0045,04/01/2025,Completed,105.8,2025-04-14,2025-04-21,20
10730,C0052,2024-11-17,Completed,130.03,2024-11-30,2024-12-02,15
10824,C0177,2024-12-29,Refunded,209.81,,,
10169,C0090,2024-03-08,Completed,141.95,2024-03-14,2024-03-18,10
10412,C0168,2024-06-18,Completed,25.32,2024-06-26,2024-06-28,10
10323,C0039,2024-05-20,Completed,180.3,2024-06-03,2024-06-09,20
10347,C0078,2024-05-27,Completed,43.66,2024-06-03,2024-06-08,12
10087,C0167,02/04/2024,Completed,38.38,2024-02-05,2024-02-10,6
10072,C0078,2024-01-28,Completed,276.73,2024-01-30,2024-02-03,6
10530,C0017,2024-08-13,Completed,144.0,2024-08-26,2024-09-04,22
11110,C0031,05/16/2025,Completed,229.8,2025-05-28,2025-06-01,16
11119,C0056,2025-05-21,Refunded,100.71,,,
10454,C0025,07/08/2024,Completed,266.89,2024-07-10,2024-07-20,12
10031,C0019,2024-01-13,Refunded,87.98,,,
10805,C0019,2024-12-23,Completed,86.58,2024-12-31,2025-01-02,10
10529,C0125,2024-08-12,Pending,45.91,,,
10470,C0048,2024-07-15,Completed,285.61,2024-07-16,2024-07-26,11
10420,C0032,2024-06-21,Completed,128.7,2024-06-28,2024-07-04,13
11145,C0068,2025-06-04,Completed,136.45,2025-06-15,2025-06-21,17
10440,C0146,2024-06-30,Completed,100.26,2024-07-02,2024-07-12,12
10927,C0014,2025-02-18,Completed,77.8,2025-02-28,2025-03-10,20
10234,C0096,2024-04-07,Completed,132.85,2024-04-10,2024-04-14,7
10432,C0084,2024-06-26,Completed,250.15,2024-07-07,2024-07-09,13
10543,C0144,2024-08-17,Cancelled,84.45,,,
10156,C0024,2024-03-02,Cancelled,54.73,,,
11009,C0171,2025-03-26,Completed,225.03,2025-04-09,2025-04-18,23
10803,C0026,2024-12-22,Completed,271.71,2025-01-02,2025-01-10,19
10425,C0029,2024-06-23,Completed,200.21,2024-07-02,2024-07-03,10
10382,C0153,2024-06-06,Completed,149.8,2024-06-14,2024-06-23,17
11126,C0176,2025-05-23,Completed,145.15,2025-06-06,2025-06-13,21
10088,C0127,02/04/2024,Completed,286.74,2024-02-07,2024-02-14,10
10993,C0046,2025-03-19,Cancelled,56.52,,,
10518,C0143,2024-08-08,Completed,277.7,2024-08-17,2024-08-25,17
10294,C0129,2024-05-08,Completed,295.34,2024-05-18,2024-05-24,16
10835,C0111,2025-01-04,Completed,194.93,2025-01-06,2025-01-13,9
10772,C0068,2024-12-08,Completed,95.67,2024-12-21,2024-12-31,23
10252,C0032,2024-04-16,Completed,137.01,2024-04-23,2024-04-29,13
10007,C0063,2024-01-04,Completed,157.99,2024-01-17,2024-01-25,21
10675,C0132,2024-10-20,Completed,77.85,2024-10-30,2024-11-02,13
10450,C0139,2024-07-05,Completed,229.57,2024-07-06,2024-07-12,7
11025,C0090,04/05/2025,Completed,94.51,2025-04-07,2025-04-16,11
10126,C0132,2024-02-20,Completed,57.71,2024-03-02,2024-03-12,21
10142,C0162,2024-02-27,Completed,199.47,2024-03-04,2024-03-13,15
10343,C0143,2024-05-25,Completed,32.75,2024-05-31,2024-06-09,15
11183,C0078,2025-06-28,Completed,248.22,2025-07-03,2025-07-07,9
10955,C0035,02/28/2025,Completed,262.75,2025-03-14,2025-03-22,22
11180,C0093,2025-06-23,Completed,267.3,2025-06-24,2025-07-04,11
10511,C0172,2024-08-02,Completed,147.13,2024-08-15,2024-08-25,23
10519,C0004,2024-08-08,Refunded,106.37,,,
10453,C0106,2024-07-07,Refunded,131.97,,,
10300,C0138,2024-05-10,Completed,91.48,2024-05-24,2024-05-27,17
10679,C0163,2024-10-23,Completed,102.68,2024-11-01,2024-11-11,19
10371,C0166,2024-06-03,Completed,73.48,2024-06-15,2024-06-19,16
10211,C0034,2024-03-27,Completed,281.12,2024-04-10,2024-04-12,16
11117,C0091,2025-05-20,Completed,255.34,2025-05-30,2025-06-03,14
10172,C0115,03/10/2024,Cancelled,23.18,,,
10108,C0168,2024-02-12,Cancelled,169.97,,,
10932,C0121,2025-02-19,Completed,67.4,2025-03-01,2025-03-06,15
11178,C0105,2025-06-21,Completed,41.5,2025-06-30,2025-07-06,15
10653,C0102,10/11/2024,Cancelled,32.28,,,
10105,C0019,2024-02-11,Completed,68.76,2024-02-14,2024-02-19,8
10625,C0116,2024-09-27,Completed,224.28,2024-10-06,2024-10-10,13
10626,C0166,2024-09-27,Completed,175.72,2024-10-10,2024-10-15,18
10825,C0077,2024-12-29,Completed,195.0,2024-12-31,2025-01-01,3
10114,C0106,2024-02-14,Completed,302.63,2024-02-21,2024-02-22,8
11175,C0135,2025-06-21,Completed,51.62,2025-07-01,2025-07-03,12
10705,C0106,2024-11-05,Completed,167.33,2024-11-11,2024-11-20,15
10052,C0018,2024-01-22,Completed,277.05,2024-01-28,2024-02-06,15
11116,C0008,05/19/2025,Completed,245.13,2025-05-24,2025-06-03,15
11139,C0139,2025-06-02,Completed,184.46,2025-06-03,2025-06-04,2
10528,C0107,2024-08-12,Completed,80.44,2024-08-16,2024-08-23,11
10155,C0165,2024-03-02,Completed,222.68,2024-03-16,2024-03-25,23
11180,C0093,2025-06-23,Completed,267.3,2025-06-24,2025-07-04,11
10956,C0179,2025-02-28,Completed,208.86,2025-03-08,2025-03-17,17
11177,C0109,06/21/2025,Completed,76.67,2025-06-26,2025-07-04,13
10865,C0048,2025-01-18,Completed,65.57,2025-01-22,2025-01-26,8
11162,C0005,2025-06-11,Cancelled,196.71,,,
10265,C0120,2024-04-23,Completed,58.23,2024-04-26,2024-05-04,11
10807,C0107,2024-12-23,Completed,42.2,2025-01-02,2025-01-07,15
10909,C0176,2025-02-11,Completed,286.97,2025-02-17,2025-02-19,8
11082,C0135,2025-05-01,Completed,251.29,2025-05-05,2025-05-06,5
10954,C0035,02/27/2025,Completed,29.63,2025-03-11,2025-03-19,20
10233,C0072,2024-04-06,Cancelled,59.0,,,
10633,C0042,2024-09-30,Completed,26.67,2024-10-08,2024-10-11,11
11083,C0022,2025-05-01,Completed,224.73,2025-05-03,2025-05-12,11
10441,C0173,06/30/2024,Pending,73.5,,,
11170,C0041,06/15/2025,Completed,101.23,2025-06-28,2025-07-03,18
10723,C0063,2024-11-14,Pending,197.23,,,
10033,C0166,2024-01-14,Completed,268.86,2024-01-16,2024-01-17,3
10860,C0114,2025-01-17,Pending,275.28,,,
10179,C0142,2024-03-13,Completed,163.69,2024-03-24,2024-03-31,18
10163,C0137,2024-03-05,Completed,263.54,2024-03-13,2024-03-17,12
10366,C0119,2024-06-02,Pending,92.73,,,
10268,C0104,2024-04-24,Completed,50.59,2024-05-05,2024-05-07,13
10941,C0125,2025-02-23,Completed,161.56,2025-03-04,2025-03-06,11
11168,C0104,06/14/2025,Completed,81.62,2025-06-18,2025-06-23,9
11080,C0174,04/30/2025,Completed,32.31,2025-05-10,2025-05-14,14
10571,C0097,2024-08-31,Cancelled,61.04,,,
11122,C0047,2025-05-21,Completed,150.11,2025-05-30,2025-06-03,13
11161,C0103,2025-06-10,Completed,158.7,2025-06-23,2025-07-02,22
11050,C0099,2025-04-17,Refunded,20.73,,,
10506,C0053,2024-08-01,Completed,313.23,2024-08-09,2024-08-11,10
10746,C0122,11/28/2024,Cancelled,117.89,,,
10104,C0123,2024-02-11,Completed,56.85,2024-02-23,2024-03-02,20
10504,C0141,08/01/2024,Completed,131.44,2024-08-08,2024-08-10,9
10621,C0173,2024-09-24,Pending,166.85,,,
10161,C0043,2024-03-04,Pending,113.08,,,
10935,C0044,2025-02-21,Completed,203.31,2025-02-24,2025-03-05,12
10178,C0093,2024-03-13,Completed,185.5,2024-03-26,2024-04-04,22
10991,C0016,2025-03-18,Completed,318.81,2025-03-23,2025-03-28,10
10495,C0066,2024-07-26,Completed,39.2,2024-08-03,2024-08-10,15
10512,C0142,2024-08-03,Completed,266.43,2024-08-10,2024-08-19,16
10985,C0050,03/15/2025,Completed,52.12,2025-03-25,2025-03-29,14
10213,C0089,2024-03-28,Completed,274.55,2024-04-02,2024-04-06,9
10637,C0140,2024-10-03,Completed,128.07,2024-10-07,2024-10-13,10
10710,C0121,2024-11-09,Completed,43.9,2024-11-13,2024-11-19,10
10484,C0034,2024-07-23,Completed,296.04,2024-08-06,2024-08-12,20
10369,C0090,06/03/2024,Completed,237.99,2024-06-11,2024-06-17,14
10669,C0068,2024-10-18,Pending,16.78,,,
10801,C0165,12/22/2024,Completed,179.34,2024-12-24,2024-12-25,3
10848,C0137,2025-01-10,Completed,172.69,2025-01-18,2025-01-27,17
10400,C0174,2024-06-12,Completed,195.34,2024-06-17,2024-06-24,12
10301,C0119,2024-05-10,Completed,310.5,2024-05-19,2024-05-28,18
10942,C0114,2025-02-23,Completed,144.71,2025-03-05,2025-03-07,12
10897,C0074,2025-02-05,Completed,118.36,2025-02-14,2025-02-24,19
10673,C0151,2024-10-19,Pending,41.97,,,
11105,C0088,05/12/2025,Completed,70.59,2025-05-16,2025-05-20,8
11099,C0042,05/08/2025,Completed,119.31,2025-05-20,2025-05-23,15
10844,C0016,2025-01-08,Completed,230.48,2025-01-13,2025-01-14,6
10225,C0108,2024-04-04,Completed,291.18,2024-04-18,2024-04-24,20
11109,C0134,2025-05-16,Pending,38.91,,,
10748,C0106,2024-11-28,Completed,225.48,2024-12-08,2024-12-12,14
10449,C0140,2024-07-03,Pending,66.13,,,
10353,C0046,2024-05-29,Completed,110.98,2024-06-10,2024-06-18,20
11114,C0078,05/19/2025,Cancelled,20.67,,,
10197,C0040,2024-03-23,Refunded,82.1,,,
10295,C0154,2024-05-09,Pending,61.14,,,
10166,C0065,2024-03-07,Completed,282.86,2024-03-16,2024-03-18,11
10966,C0075,03/04/2025,Completed,297.25,2025-03-16,2025-03-21,17
10780,C0038,2024-12-13,Completed,140.76,2024-12-22,2024-12-30,17
11154,C0026,2025-06-06,Refunded,80.91,,,
10626,C0166,2024-09-27,Completed,175.72,2024-10-10,2024-10-15,18
10662,C0026,2024-10-15,Completed,290.53,2024-10-21,2024-10-29,14
11002,C0137,03/23/2025,Completed,160.59,2025-04-05,2025-04-10,18
10507,C0079,2024-08-01,Completed,288.99,2024-08-06,2024-08-08,7
10769,C0077,2024-12-06,Completed,260.4,2024-12-16,2024-12-20,14
10485,C0016,07/23/2024,Completed,232.89,2024-07-26,2024-07-28,5
10428,C0018,2024-06-25,Completed,36.75,2024-06-26,2024-07-03,8
10908,C0145,2025-02-10,Pending,59.11,,,
10995,C0027,03/19/2025,Completed,193.55,2025-03-24,2025-04-01,13
10066,C0084,2024-01-26,Completed,135.58,2024-01-29,2024-02-02,7
10567,C0117,2024-08-28,Pending,108.41,,,
10324,C0069,05/20/2024,Completed,307.99,2024-05-28,2024-06-07,18
10591,C0176,2024-09-08,Pending,60.0,,,
11058,C0089,2025-04-20,Completed,180.37,2025-04-22,2025-04-30,10
10020,C0012,2024-01-09,Completed,230.74,2024-01-12,2024-01-20,11
11159,C0110,2025-06-10,Completed,47.62,2025-06-24,2025-06-29,19
10063,C0010,01/26/2024,Cancelled,199.5,,,
11056,C0180,2025-04-20,Completed,249.46,2025-04-26,2025-05-02,12
11081,C0115,04/30/2025,Completed,41.23,2025-05-11,2025-05-15,15
11096,C0177,2025-05-06,Cancelled,29.75,,,
10627,C0100,2024-09-29,Completed,312.87,2024-10-05,2024-10-14,15
10606,C0163,2024-09-17,Completed,135.3,2024-09-19,2024-09-20,3
10877,C0117,2025-01-26,Completed,289.26,2025-02-03,2025-02-05,10
10498,C0009,07/28/2024,Completed,102.03,2024-07-30,2024-08-01,4
10410,C0071,2024-06-17,Completed,98.86,2024-06-23,2024-06-26,9
10500,C0153,2024-07-30,Cancelled,140.15,,,
10038,C0006,2024-01-18,Pending,34.3,,,
10898,C0160,2025-02-05,Completed,206.22,2025-02-13,2025-02-22,17
10568,C0176,2024-08-28,Completed,290.91,2024-09-03,2024-09-07,10
10611,C0130,2024-09-20,Completed,26.28,2024-10-02,2024-10-03,13
10593,C0148,2024-09-10,Pending,241.03,,,
10904,C0146,2025-02-09,Cancelled,117.87,,,
10426,C0093,06/23/2024,Completed,278.94,2024-07-03,2024-07-10,17
10950,C0092,2025-02-26,Completed,280.38,2025-03-02,2025-03-09,11
10906,C0035,02/09/2025,Completed,160.88,2025-02-23,2025-03-04,23
10917,C0133,2025-02-14,Refunded,27.85,,,
10106,C0163,2024-02-12,Completed,120.93,2024-02-22,2024-03-02,19
11037,C0016,04/14/2025,Completed,276.24,2025-04-22,2025-04-29,15
10342,C0070,05/25/2024,Completed,80.28,2024-06-02,2024-06-11,17
10053,C0069,2024-01-22,Completed,113.07,2024-02-01,2024-02-11,20
10402,C0132,2024-06-13,Pending,168.19,,,
10584,C0174,2024-09-06,Completed,59.19,2024-09-20,2024-09-21,15
10302,C0035,2024-05-10,Completed,84.98,2024-05-21,2024-05-23,13
10207,C0157,03/26/2024,Completed,142.46,2024-04-07,2024-04-15,20
10249,C0068,2024-04-14,Cancelled,152.26,,,
10863,C0060,01/18/2025,Refunded,40.98,,,
10839,C0022,2025-01-06,Completed,96.7,2025-01-16,2025-01-19,13
10021,C0027,2024-01-09,Completed,163.47,2024-01-17,2024-01-23,14
11134,C0072,2025-05-30,Completed,56.87,2025-06-04,2025-06-12,13
10497,C0148,2024-07-28,Cancelled,56.39,,,
10456,C0067,2024-07-08,Completed,140.92,2024-07-22,2024-07-28,20
10720,C0002,11/13/2024,Completed,174.34,2024-11-22,2024-11-24,11
10757,C0021,12/02/2024,Completed,55.39,2024-12-04,2024-12-12,10
10157,C0047,2024-03-03,Completed,251.02,2024-03-07,2024-03-11,8
10171,C0036,2024-03-09,Completed,269.78,2024-03-21,2024-03-24,15
10819,C0077,2024-12-27,Completed,117.9,2025-01-09,2025-01-14,18
10023,C0126,2024-01-11,Completed,227.5,2024-01-14,2024-01-17,6
10923,C0144,02/17/2025,Completed,185.05,2025-02-26,2025-03-04,15
10486,C0135,2024-07-23,Completed,135.21,2024-08-03,2024-08-10,18
10152,C0065,2024-03-01,Pending,223.43,,,
10911,C0043,2025-02-11,Completed,80.28,2025-02-13,2025-02-18,7
10309,C0079,2024-05-13,Completed,285.43,2024-05-21,2024-05-23,10
10089,C0095,2024-02-05,Cancelled,156.28,,,
10792,C0143,2024-12-18,Cancelled,159.44,,,
10552,C0076,2024-08-20,Completed,243.57,2024-09-01,2024-09-10,21
11075,C0078,2025-04-28,Completed,144.35,2025-05-06,2025-05-09,11
10447,C0003,2024-07-03,Completed,191.32,2024-07-08,2024-07-18,15
10248,C0174,2024-04-14,Pending,194.78,,,
10666,C0093,2024-10-17,Completed,122.81,2024-10-25,2024-11-02,16
10149,C0135,2024-02-29,Completed,132.35,2024-03-05,2024-03-12,12
10665,C0081,2024-10-16,Completed,235.1,2024-10-27,2024-11-03,18
10493,C0020,2024-07-25,Completed,119.26,2024-08-05,2024-08-07,13
10215,C0024,2024-03-28,Completed,199.58,2024-04-07,2024-04-10,13
10028,C0161,2024-01-12,Completed,48.95,2024-01-16,2024-01-19,7
10193,C0071,2024-03-20,Cancelled,107.39,,,
10713,C0164,2024-11-11,Completed,84.5,2024-11-22,2024-12-01,20
10859,C0082,2025-01-16,Completed,250.8,2025-01-23,2025-01-30,14
10115,C0074,2024-02-14,Completed,55.56,2024-02-23,2024-02-27,13
11118,C0130,05/20/2025,Completed,266.78,2025-06-02,2025-06-03,14
10015,C0091,2024-01-07,Refunded,53.27,,,
10139,C0168,02/26/2024,Completed,252.99,2024-03-05,2024-03-13,16
10129,C0066,2024-02-21,Completed,27.28,2024-03-04,2024-03-11,19
10090,C0151,2024-02-05,Pending,217.07,,,
11070,C0091,2025-04-26,Completed,74.08,2025-04-29,2025-05-08,12
10820,C0131,2024-12-28,Completed,193.63,2024-12-30,2024-12-31,3
10692,C0160,2024-10-29,Cancelled,58.09,,,
10707,C0036,11/06/2024,Cancelled,78.69,,,
11173,C0172,2025-06-19,Cancelled,126.15,,,
10708,C0042,2024-11-06,Completed,143.17,2024-11-12,2024-11-21,15
11036,C0050,2025-04-12,Cancelled,55.95,,,
10632,C0031,09/30/2024,Completed,107.34,2024-10-05,2024-10-08,8
10634,C0083,10/02/2024,Completed,300.05,2024-10-12,2024-10-17,15
10311,C0106,2024-05-13,Completed,90.28,2024-05-16,2024-05-17,4
10499,C0088,2024-07-28,Completed,72.47,2024-07-30,2024-08-08,11
10744,C0137,2024-11-27,Pending,80.18,,,
10977,C0098,2025-03-11,Refunded,66.26,,,
10763,C0114,2024-12-04,Completed,230.8,2024-12-07,2024-12-17,13
11008,C0087,03/26/2025,Pending,51.79,,,
10415,C0019,2024-06-19,Completed,240.58,2024-06-21,2024-06-23,4
10709,C0158,2024-11-06,Refunded,23.1,,,
11018,C0044,2025-04-01,Refunded,34.67,,,
10489,C0092,2024-07-24,Completed,265.26,2024-07-31,2024-08-05,12
11003,C0046,03/24/2025,Completed,138.33,2025-03-28,2025-04-02,9
11129,C0102,2025-05-27,Completed,313.38,2025-06-08,2025-06-11,15
10014,C0122,2024-01-06,Completed,150.52,2024-01-18,2024-01-27,21
10120,C0047,2024-02-15,Completed,116.15,2024-02-21,2024-02-27,12
10405,C0102,2024-06-14,Completed,268.33,2024-06-22,2024-06-27,13
11071,C0047,2025-04-27,Completed,229.39,2025-05-08,2025-05-11,14
10019,C0093,2024-01-09,Completed,233.87,2024-01-12,2024-01-17,8
10548,C0128,2024-08-19,Completed,148.48,2024-08-26,2024-08-27,8
10918,C0100,2025-02-14,Refunded,30.63,,,
11068,C0078,04/25/2025,Completed,257.86,2025-04-28,2025-05-03,8
10690,C0022,2024-10-28,Completed,317.87,2024-11-11,2024-11-19,22
10266,C0166,2024-04-23,Completed,29.15,2024-04-29,2024-05-04,11
10619,C0167,2024-09-23,Completed,229.82,2024-09-29,2024-10-01,8
10765,C0164,2024-12-05,Cancelled,186.77,,,
10081,C0124,2024-02-01,Completed,124.92,2024-02-03,2024-02-11,10
10190,C0140,2024-03-19,Completed,48.62,2024-03-30,2024-04-04,16
10990,C0178,2025-03-16,Cancelled,49.77,,,
11044,C0009,2025-04-15,Completed,166.38,2025-04-28,2025-04-30,15
10830,C0148,01/02/2025,Completed,152.42,2025-01-15,2025-01-22,20
10912,C0081,02/11/2025,Refunded,95.31,,,
10272,C0171,2024-04-25,Completed,72.12,2024-05-06,2024-05-15,20
10828,C0135,2025-01-01,Completed,191.65,2025-01-07,2025-01-16,15
10639,C0144,2024-10-04,Pending,21.2,,,
10461,C0179,07/09/2024,Completed,271.6,2024-07-15,2024-07-18,9
10687,C0012,2024-10-26,Completed,72.53,2024-11-06,2024-11-15,20
10776,C0083,12/10/2024,Completed,311.07,2024-12-11,2024-12-14,4
10466,C0151,2024-07-14,Completed,47.12,2024-07-16,2024-07-20,6
10742,C0051,2024-11-27,Completed,242.87,2024-12-05,2024-12-06,9
10602,C0001,2024-09-14,Completed,309.14,2024-09-25,2024-09-30,16
10322,C0129,2024-05-17,Refunded,246.22,,,
11066,C0166,2025-04-24,Completed,126.12,2025-05-05,2025-05-11,17
10722,C0148,2024-11-14,Completed,309.99,2024-11-24,2024-12-02,18
10427,C0094,2024-06-23,Completed,250.0,2024-07-06,2024-07-08,15
10899,C0162,2025-02-05,Completed,78.07,2025-02-15,2025-02-19,14
10878,C0083,2025-01-27,Refunded,97.43,,,
10403,C0125,2024-06-13,Completed,281.33,2024-06-27,2024-06-29,16
10187,C0070,2024-03-18,Completed,153.9,2024-03-25,2024-04-02,15
11182,C0061,2025-06-28,Completed,293.39,2025-07-05,2025-07-10,12
11093,C0078,2025-05-06,Completed,161.72,2025-05-07,2025-05-08,2
10474,C0098,2024-07-16,Refunded,118.67,,,
10678,C0100,2024-10-21,Completed,285.06,2024-10-22,2024-10-28,7
10759,C0068,12/03/2024,Cancelled,200.69,,,
10117,C0095,2024-02-15,Completed,194.36,2024-02-28,2024-03-06,20
10017,C0056,2024-01-08,Pending,234.84,,,
10516,C0033,2024-08-05,Completed,316.54,2024-08-12,2024-08-16,11
10788,C0003,2024-12-16,Completed,228.77,2024-12-28,2025-01-07,22
11019,C0149,04/01/2025,Completed,258.36,2025-04-12,2025-04-22,21
10600,C0115,2024-09-14,Completed,156.89,2024-09-16,2024-09-24,10
10261,C0107,2024-04-22,Completed,35.72,2024-05-06,2024-05-13,21
10364,C0085,06/01/2024,Completed,54.09,2024-06-05,2024-06-14,13
10260,C0060,2024-04-22,Completed,275.85,2024-04-23,2024-04-26,4
10833,C0035,2025-01-02,Completed,168.92,2025-01-13,2025-01-23,21
10882,C0169,01/28/2025,Completed,67.66,2025-02-10,2025-02-11,14
10738,C0141,2024-11-24,Completed,164.05,2024-12-04,2024-12-10,16
10677,C0095,10/21/2024,Completed,86.0,2024-11-03,2024-11-09,19
10476,C0057,2024-07-17,Completed,254.67,2024-07-18,2024-07-26,9
10097,C0054,2024-02-09,Completed,281.56,2024-02-15,2024-02-18,9
10423,C0053,2024-06-22,Completed,80.65,2024-06-29,2024-07-04,12
10436,C0180,06/28/2024,Completed,306.14,2024-07-07,2024-07-16,18
10523,C0071,08/10/2024,Completed,204.55,2024-08-22,2024-08-29,19
10111,C0096,2024-02-13,Completed,164.91,2024-02-15,2024-02-17,4
10913,C0096,2025-02-12,Completed,114.28,2025-02-21,2025-02-26,14
10047,C0032,2024-01-21,Completed,204.62,2024-01-25,2024-01-28,7
10079,C0024,2024-01-31,Completed,147.57,2024-02-04,2024-02-07,7
10565,C0058,2024-08-27,Refunded,43.54,,,
10049,C0119,2024-01-21,Completed,70.42,2024-02-02,2024-02-07,17
10992,C0046,03/18/2025,Completed,313.93,2025-03-22,2025-04-01,14
10303,C0095,2024-05-11,Completed,269.67,2024-05-12,2024-05-17,6
10438,C0008,2024-06-29,Completed,105.23,2024-07-01,2024-07-06,7
10536,C0073,2024-08-15,Completed,73.06,2024-08-25,2024-08-29,14
10255,C0070,2024-04-17,Completed,65.5,2024-04-27,2024-05-07,20
10862,C0158,2025-01-18,Completed,205.65,2025-01-28,2025-02-01,14
11158,C0025,2025-06-09,Completed,44.84,2025-06-22,2025-07-01,22
10701,C0073,2024-11-03,Completed,145.55,2024-11-07,2024-11-08,5
10131,C0011,02/24/2024,Completed,296.74,2024-03-09,2024-03-15,20
10153,C0039,03/01/2024,Completed,220.77,2024-03-07,2024-03-12,11
10308,C0083,2024-05-13,Pending,122.57,,,
10490,C0177,07/24/2024,Completed,240.01,2024-08-05,2024-08-15,22
10951,C0101,2025-02-27,Cancelled,78.21,,,
10082,C0020,2024-02-01,Completed,91.56,2024-02-12,2024-02-19,18
10448,C0063,2024-07-03,Completed,311.7,2024-07-16,2024-07-20,17
10480,C0061,2024-07-20,Completed,242.74,2024-07-26,2024-08-05,16
10298,C0143,05/09/2024,Completed,126.6,2024-05-20,2024-05-27,18
10086,C0144,2024-02-03,Completed,90.3,2024-02-05,2024-02-13,10
10538,C0006,2024-08-16,Pending,142.96,,,
10958,C0155,2025-03-01,Completed,274.81,2025-03-05,2025-03-14,13
10645,C0137,2024-10-06,Completed,87.18,2024-10-17,2024-10-21,15
11078,C0147,04/29/2025,Cancelled,179.24,,,
10508,C0100,2024-08-02,Completed,137.53,2024-08-05,2024-08-13,11
10159,C0135,2024-03-04,Completed,283.54,2024-03-14,2024-03-17,13
11052,C0086,2025-04-19,Pending,165.71,,,
10703,C0105,11/04/2024,Completed,150.69,2024-11-14,2024-11-19,15
10664,C0146,2024-10-16,Completed,307.8,2024-10-19,2024-10-20,4
10230,C0003,2024-04-06,Completed,285.32,2024-04-18,2024-04-24,18
10693,C0153,10/30/2024,Completed,136.57,2024-11-02,2024-11-04,5
10475,C0129,2024-07-17,Completed,78.05,2024-07-23,2024-08-02,16
10350,C0102,2024-05-28,Completed,137.07,2024-06-11,2024-06-17,20
10526,C0072,2024-08-11,Completed,227.03,2024-08-25,2024-08-29,18
10042,C0106,2024-01-19,Refunded,127.94,,,
10096,C0013,2024-02-07,Completed,62.15,2024-02-17,2024-02-21,14
10437,C0043,06/29/2024,Completed,255.43,2024-07-04,2024-07-06,7
10646,C0176,2024-10-06,Completed,85.65,2024-10-20,2024-10-27,21
10445,C0046,2024-07-02,Completed,314.52,2024-07-09,2024-07-11,9
10191,C0079,2024-03-19,Completed,150.7,2024-03-31,2024-04-08,20
10629,C0058,2024-09-29,Cancelled,179.01,,,
10378,C0153,2024-06-05,Completed,198.17,2024-06-11,2024-06-17,12
10831,C0038,2025-01-02,Completed,165.38,2025-01-14,2025-01-15,13
10433,C0080,2024-06-26,Refunded,143.04,,,
10775,C0164,2024-12-09,Completed,105.28,2024-12-19,2024-12-27,18
10093,C0176,2024-02-06,Completed,313.46,2024-02-12,2024-02-13,7
10434,C0063,2024-06-26,Completed,59.22,2024-07-06,2024-07-16,20
10615,C0071,2024-09-21,Completed,311.3,2024-09-29,2024-10-02,11
10577,C0128,2024-09-03,Completed,254.5,2024-09-17,2024-09-26,23
10275,C0096,2024-04-26,Completed,294.28,2024-05-09,2024-05-18,22
10488,C0164,2024-07-24,Completed,76.39,2024-08-02,2024-08-12,19
10962,C0023,2025-03-03,Completed,243.8,2025-03-14,2025-03-16,13
10907,C0119,2025-02-10,Completed,41.53,2025-02-19,2025-02-24,14
10457,C0082,2024-07-08,Completed,47.03,2024-07-12,2024-07-15,7
10502,C0053,2024-07-31,Completed,188.46,2024-08-12,2024-08-21,21
10205,C0131,03/25/2024,Completed,84.29,2024-03-28,2024-04-01,7
11120,C0138,2025-05-21,Completed,54.11,2025-05-25,2025-06-03,13
10377,C0068,2024-06-05,Cancelled,135.04,,,
11035,C0056,2025-04-12,Cancelled,55.07,,,
10099,C0065,02/09/2024,Completed,280.6,2024-02-12,2024-02-13,4
11115,C0155,2025-05-19,Completed,84.01,2025-05-30,2025-06-05,17
11101,C0075,2025-05-10,Completed,47.66,2025-05-14,2025-05-17,7
10135,C0151,2024-02-25,Completed,141.75,2024-03-01,2024-03-07,11
10618,C0054,2024-09-22,Cancelled,215.0,,,
10702,C0002,2024-11-03,Completed,178.33,2024-11-10,2024-11-14,11
10926,C0013,02/17/2025,Completed,291.47,2025-02-18,2025-02-20,3
10318,C0002,05/16/2024,Completed,211.06,2024-05-18,2024-05-21,5
10944,C0024,2025-02-23,Completed,286.74,2025-03-08,2025-03-09,14
10826,C0086,2024-12-29,Completed,153.12,2025-01-12,2025-01-14,16
11163,C0170,2025-06-12,Pending,77.67,,,
10443,C0168,2024-07-02,Completed,98.24,2024-07-14,2024-07-20,18
10987,C0034,2025-03-16,Completed,290.47,2025-03-26,2025-03-29,13
10503,C0068,2024-07-31,Cancelled,31.83,,,
11165,C0119,2025-06-13,Completed,245.2,2025-06-26,2025-07-01,18
10124,C0040,2024-02-19,Completed,39.68,2024-02-21,2024-02-26,7
11098,C0178,2025-05-08,Completed,241.22,2025-05-09,2025-05-14,6
10670,C0005,2024-10-18,Completed,264.73,2024-10-28,2024-11-04,17
10771,C0042,2024-12-08,Refunded,79.06,,,
11125,C0022,2025-05-22,Completed,138.51,2025-05-30,2025-06-09,18
10292,C0018,2024-05-06,Completed,156.7,2024-05-17,2024-05-18,12
10413,C0034,2024-06-18,Completed,225.59,2024-06-19,2024-06-20,2
10799,C0017,2024-12-21,Cancelled,115.42,,,
10398,C0035,2024-06-11,Pending,294.48,,,
10167,C0032,03/08/2024,Completed,72.29,2024-03-16,2024-03-25,17
10214,C0163,2024-03-28,Completed,209.38,2024-04-07,2024-04-16,19
10873,C0162,2025-01-22,Completed,154.67,2025-01-27,2025-02-01,10
11128,C0004,2025-05-24,Refunded,33.99,,,
10092,C0056,2024-02-06,Completed,94.65,2024-02-12,2024-02-14,8
11001,C0103,2025-03-23,Completed,307.85,2025-03-25,2025-03-31,8
11090,C0017,2025-05-04,Completed,51.09,2025-05-11,2025-05-16,12
10790,C0087,2024-12-18,Pending,32.02,,,
10246,C0133,2024-04-13,Completed,319.45,2024-04-21,2024-04-30,17
11164,C0112,2025-06-13,Completed,42.67,2025-06-17,2025-06-23,10
11084,C0101,2025-05-01,Completed,202.94,2025-05-10,2025-05-11,10
10409,C0052,2024-06-17,Refunded,145.84,,,
10095,C0024,2024-02-07,Cancelled,209.33,,,
11152,C0108,06/06/2025,Completed,163.56,2025-06-07,2025-06-13,7
10617,C0180,2024-09-21,Completed,235.0,2024-09-30,2024-10-04,13
10975,C0165,2025-03-10,Completed,59.22,2025-03-13,2025-03-21,11
10561,C0126,2024-08-26,Pending,38.13,,,
10073,C0098,2024-01-28,Completed,112.28,2024-02-09,2024-02-14,17
10762,C0122,2024-12-04,Completed,184.47,2024-12-09,2024-12-18,14
10057,C0098,2024-01-24,Completed,258.76,2024-02-04,2024-02-07,14
10818,C0153,2024-12-27,Completed,318.06,2025-01-01,2025-01-02,6
10331,C0169,05/22/2024,Completed,275.88,2024-05-23,2024-05-27,5
10290,C0059,2024-05-04,Completed,70.76,2024-05-08,2024-05-10,6
10660,C0141,2024-10-15,Completed,44.87,2024-10-17,2024-10-21,6
10821,C0118,12/28/2024,Completed,103.17,2025-01-07,2025-01-11,14
10050,C0070,2024-01-22,Completed,314.17,2024-01-26,2024-02-03,12
11146,C0073,06/04/2025,Completed,199.19,2025-06-07,2025-06-13,9
10217,C0011,03/30/2024,Completed,304.82,2024-04-12,2024-04-22,23
10133,C0030,02/24/2024,Completed,120.81,2024-03-08,2024-03-18,23
11028,C0176,2025-04-08,Completed,72.13,2025-04-09,2025-04-10,2
10817,C0093,2024-12-26,Completed,142.14,2025-01-07,2025-01-08,13
10981,C0069,2025-03-13,Completed,197.33,2025-03-21,2025-03-25,12
10929,C0051,2025-02-18,Refunded,93.62,,,
10752,C0164,2024-11-29,Completed,205.63,2024-12-06,2024-12-08,9
10750,C0091,2024-11-29,Completed,168.81,2024-12-11,2024-12-19,20
10971,C0067,2025-03-09,Refunded,52.42,,,
10333,C0077,2024-05-22,Completed,192.18,2024-06-05,2024-06-12,21
10464,C0036,07/13/2024,Completed,269.96,2024-07-17,2024-07-20,7
10974,C0164,2025-03-10,Completed,241.64,2025-03-16,2025-03-17,7
10638,C0093,2024-10-04,Completed,247.03,2024-10-13,2024-10-21,17
10672,C0168,10/19/2024,Pending,130.09,,,
10045,C0049,2024-01-20,Completed,248.15,2024-01-31,2024-02-08,19
11051,C0070,2025-04-17,Refunded,158.4,,,
11073,C0067,2025-04-28,Completed,190.93,2025-04-29,2025-05-05,7
10006,C0124,2024-01-04,Completed,240.65,2024-01-09,2024-01-15,11
11030,C0012,2025-04-09,Completed,297.83,2025-04-12,2025-04-15,6
10609,C0118,2024-09-19,Completed,56.79,2024-09-26,2024-09-27,8
10276,C0171,2024-04-26,Completed,225.7,2024-05-06,2024-05-08,12
10979,C0136,2025-03-12,Refunded,36.09,,,
10644,C0083,10/06/2024,Completed,53.31,2024-10-19,2024-10-28,22
10465,C0051,2024-07-13,Completed,210.94,2024-07-24,2024-07-26,13
10492,C0057,2024-07-25,Cancelled,120.06,,,
10676,C0092,2024-10-21,Completed,168.85,2024-10-23,2024-10-28,7
10725,C0081,2024-11-15,Completed,177.37,2024-11-16,2024-11-21,6
10851,C0161,2025-01-10,Completed,313.58,2025-01-19,2025-01-24,14
10472,C0016,2024-07-16,Completed,65.48,2024-07-20,2024-07-29,13
11054,C0094,04/19/2025,Completed,189.84,2025-04-21,2025-04-30,11
10030,C0075,2024-01-13,Completed,233.55,2024-01-25,2024-02-02,20
11108,C0005,2025-05-15,Completed,228.86,2025-05-18,2025-05-26,11
10332,C0151,2024-05-22,Completed,235.25,2024-05-29,2024-05-31,9
10858,C0168,2025-01-14,Completed,118.66,2025-01-23,2025-02-01,18
10218,C0068,2024-03-30,Cancelled,141.98,,,
10766,C0059,2024-12-05,Completed,132.91,2024-12-10,2024-12-13,8
10808,C0011,12/24/2024,Pending,110.2,,,
10250,C0058,2024-04-15,Completed,232.95,2024-04-27,2024-05-05,20
10583,C0013,2024-09-05,Completed,282.87,2024-09-19,2024-09-24,19
10054,C0039,2024-01-23,Completed,126.81,2024-02-01,2024-02-10,18
10674,C0024,2024-10-19,Completed,28.12,2024-10-23,2024-11-02,14
10194,C0164,2024-03-20,Completed,261.32,2024-03-31,2024-04-03,14
11021,C0023,2025-04-03,Refunded,169.51,,,
10505,C0076,2024-08-01,Cancelled,61.33,,,
10158,C0036,03/03/2024,Completed,274.11,2024-03-05,2024-03-14,11
10853,C0088,2025-01-12,Completed,50.9,2025-01-19,2025-01-28,16
11041,C0122,2025-04-15,Completed,240.36,2025-04-27,2025-05-01,16
10009,C0084,2024-01-04,Completed,129.67,2024-01-09,2024-01-15,11
11123,C0029,2025-05-22,Pending,23.19,,,
10559,C0021,2024-08-24,Completed,316.06,2024-08-30,2024-08-31,7
10345,C0022,2024-05-27,Pending,287.58,,,
11140,C0111,2025-06-02,Completed,117.79,2025-06-09,2025-06-17,15
10582,C0165,2024-09-05,Completed,313.3,2024-09-10,2024-09-18,13
10418,C0113,2024-06-20,Completed,210.28,2024-06-23,2024-06-30,10
10192,C0090,03/19/2024,Completed,281.66,2024-03-25,2024-04-04,16
10716,C0041,2024-11-12,Completed,255.0,2024-11-18,2024-11-25,13
10254,C0168,2024-04-17,Completed,88.13,2024-05-01,2024-05-10,23
10304,C0097,2024-05-11,Refunded,12.87,,,
10231,C0104,04/06/2024,Completed,40.09,2024-04-15,2024-04-19,13
11097,C0093,2025-05-08,Completed,153.64,2025-05-13,2025-05-21,13
10938,C0062,2025-02-22,Cancelled,45.85,,,
10994,C0056,2025-03-19,Cancelled,235.61,,,
10731,C0158,2024-11-20,Completed,184.73,2024-11-21,2024-11-29,9
10905,C0087,2025-02-09,Refunded,53.6,,,
10084,C0095,2024-02-03,Refunded,58.0,,,
11014,C0153,2025-03-31,Cancelled,156.95,,,
10238,C0152,2024-04-08,Completed,175.37,2024-04-16,2024-04-26,18
10894,C0141,2025-02-03,Completed,64.69,2025-02-15,2025-02-20,17
10957,C0109,2025-02-28,Completed,138.49,2025-03-04,2025-03-07,7
10335,C0089,05/23/2024,Completed,93.48,2024-05-25,2024-05-31,8
11166,C0112,2025-06-13,Completed,269.91,2025-06-15,2025-06-19,6
10964,C0088,2025-03-03,Completed,163.32,2025-03-12,2025-03-20,17
10074,C0006,2024-01-28,Cancelled,24.8,,,
10376,C0027,2024-06-05,Completed,121.17,2024-06-13,2024-06-15,10
10471,C0158,2024-07-16,Completed,172.17,2024-07-25,2024-08-02,17
10112,C0024,02/13/2024,Completed,242.94,2024-02-26,2024-02-29,16
10305,C0151,2024-05-11,Pending,39.72,,,
10387,C0043,2024-06-08,Completed,259.78,2024-06-12,2024-06-17,9
10109,C0111,2024-02-12,Completed,147.08,2024-02-26,2024-03-05,22
10902,C0177,2025-02-08,Completed,45.01,2025-02-13,2025-02-22,14
10310,C0121,2024-05-13,Pending,164.9,,,
11007,C0137,2025-03-26,Completed,29.84,2025-04-01,2025-04-02,7
10647,C0007,2024-10-08,Completed,36.18,2024-10-10,2024-10-11,3
10338,C0059,2024-05-23,Completed,135.75,2024-05-26,2024-06-05,13
10893,C0083,2025-02-03,Completed,266.98,2025-02-16,2025-02-23,20
11086,C0096,2025-05-02,Completed,128.65,2025-05-10,2025-05-19,17
11059,C0137,2025-04-20,Refunded,178.96,,,
10541,C0097,2024-08-16,Completed,89.37,2024-08-21,2024-08-30,14
10540,C0156,2024-08-16,Completed,234.26,2024-08-21,2024-08-28,12
11143,C0029,2025-06-03,Completed,219.72,2025-06-14,2025-06-23,20
10881,C0097,2025-01-28,Completed,251.64,2025-02-03,2025-02-13,16
10739,C0048,2024-11-25,Completed,148.63,2024-12-08,2024-12-14,19
10576,C0027,2024-09-03,Completed,59.73,2024-09-05,2024-09-07,4
11023,C0106,2025-04-04,Completed,205.11,2025-04-05,2025-04-15,11
10262,C0127,2024-04-22,Completed,308.83,2024-04-27,2024-04-28,6
10091,C0126,2024-02-05,Cancelled,98.71,,,
10642,C0066,2024-10-05,Completed,32.29,2024-10-14,2024-10-20,15
10240,C0079,2024-04-09,Pending,151.2,,,
11100,C0092,05/08/2025,Completed,131.54,2025-05-19,2025-05-25,17
10291,C0158,2024-05-06,Pending,134.58,,,
10887,C0154,01/31/2025,Completed,285.24,2025-02-05,2025-02-15,15
11087,C0023,2025-05-02,Completed,156.05,2025-05-09,2025-05-17,15
10650,C0031,10/10/2024,Completed,237.48,2024-10-12,2024-10-22,12
10184,C0010,2024-03-16,Completed,258.38,2024-03-17,2024-03-23,7
11103,C0070,2025-05-11,Refunded,88.94,,,
10959,C0069,2025-03-01,Completed,195.02,2025-03-02,2025-03-03,2
10695,C0039,10/30/2024,Completed,165.38,2024-11-09,2024-11-19,20
11010,C0149,2025-03-27,Completed,35.88,2025-03-30,2025-04-07,11
11032,C0149,2025-04-11,Completed,245.39,2025-04-17,2025-04-21,10
10348,C0077,2024-05-28,Completed,131.53,2024-06-01,2024-06-09,12
10643,C0131,2024-10-06,Completed,112.45,2024-10-17,2024-10-21,15
10368,C0037,2024-06-02,Completed,159.32,2024-06-06,2024-06-15,13
10085,C0164,02/03/2024,Completed,93.98,2024-02-04,2024-02-14,11
10271,C0147,2024-04-25,Completed,131.07,2024-04-29,2024-04-30,5
10760,C0080,2024-12-03,Completed,108.83,2024-12-14,2024-12-17,14
10809,C0133,12/24/2024,Completed,93.15,2024-12-31,2025-01-04,11
10620,C0144,2024-09-24,Completed,303.09,2024-10-06,2024-10-13,19
10781,C0050,2024-12-14,Completed,269.33,2024-12-16,2024-12-20,6
11034,C0057,2025-04-12,Completed,167.9,2025-04-19,2025-04-22,10
10520,C0107,08/08/2024,Completed,198.44,2024-08-21,2024-08-23,15
10011,C0049,2024-01-05,Completed,144.9,2024-01-14,2024-01-18,13
10094,C0071,2024-02-07,Completed,304.96,2024-02-21,2024-02-29,22
10726,C0074,2024-11-16,Completed,245.89,2024-11-22,2024-11-24,8
10965,C0147,2025-03-03,Pending,127.1,,,
10481,C0146,07/22/2024,Completed,304.77,2024-08-05,2024-08-13,22
10682,C0091,2024-10-23,Completed,167.22,2024-11-02,2024-11-03,11
10107,C0076,2024-02-12,Completed,151.91,2024-02-25,2024-02-27,15
10121,C0037,2024-02-17,Completed,45.53,2024-02-29,2024-03-01,13
10196,C0018,2024-03-21,Completed,133.07,2024-03-28,2024-04-07,17
10150,C0105,2024-02-29,Pending,171.67,,,
10525,C0069,08/11/2024,Completed,266.13,2024-08-16,2024-08-21,10
10867,C0053,01/20/2025,Completed,306.64,2025-01-28,2025-02-07,18
10786,C0171,2024-12-16,Completed,94.61,2024-12-23,2024-12-29,13
10435,C0015,2024-06-26,Completed,219.13,2024-06-29,2024-07-01,5
10815,C0163,2024-12-26,Completed,120.42,2024-12-30,2025-01-09,14
10663,C0085,2024-10-16,Cancelled,93.36,,,
10273,C0080,04/25/2024,Refunded,149.56,,,
10961,C0135,2025-03-02,Pending,57.53,,,
10022,C0014,2024-01-10,Completed,165.93,2024-01-24,2024-01-26,16
10176,C0162,2024-03-11,Completed,236.97,2024-03-16,2024-03-23,12
10939,C0017,2025-02-22,Completed,229.75,2025-03-01,2025-03-08,14
10758,C0014,2024-12-03,Completed,179.57,2024-12-05,2024-12-07,4
10509,C0012,2024-08-02,Completed,102.7,2024-08-16,2024-08-21,19
10924,C0070,2025-02-17,Completed,262.18,2025-02-27,2025-03-03,14
10483,C0057,2024-07-23,Completed,25.2,2024-08-02,2024-08-06,14
11171,C0169,06/15/2025,Completed,276.49,2025-06-27,2025-07-05,20
10595,C0170,2024-09-10,Pending,98.22,,,
10059,C0113,2024-01-24,Completed,159.79,2024-02-05,2024-02-08,15
10299,C0082,2024-05-10,Refunded,38.89,,,
10837,C0044,2025-01-05,Completed,317.1,2025-01-13,2025-01-23,18
10370,C0018,06/03/2024,Completed,234.68,2024-06-04,2024-06-10,7
10857,C0177,2025-01-13,Refunded,176.3,,,
10388,C0009,2024-06-08,Completed,110.16,2024-06-21,2024-06-29,21
10580,C0172,2024-09-04,Completed,271.39,2024-09-15,2024-09-23,19
10442,C0004,06/30/2024,Completed,132.37,2024-07-03,2024-07-06,6
10424,C0166,2024-06-22,Completed,259.16,2024-06-26,2024-07-04,12
10884,C0031,2025-01-29,Completed,26.04,2025-02-11,2025-02-16,18
11058,C0089,2025-04-20,Completed,180.37,2025-04-22,2025-04-30,10
10783,C0134,2024-12-15,Cancelled,127.8,,,
11156,C0163,2025-06-07,Completed,183.07,2025-06-12,2025-06-17,10
10590,C0047,2024-09-08,Cancelled,41.88,,,
10546,C0133,2024-08-18,Pending,37.58,,,
10391,C0140,2024-06-09,Completed,55.21,2024-06-23,2024-06-27,18
10417,C0165,06/19/2024,Refunded,55.53,,,
11179,C0140,2025-06-23,Completed,97.67,2025-06-28,2025-07-01,8
10243,C0175,04/11/2024,Completed,304.72,2024-04-13,2024-04-17,6
11013,C0157,2025-03-29,Completed,43.87,2025-04-12,2025-04-14,16
10930,C0146,02/19/2025,Completed,261.69,2025-03-03,2025-03-11,20
10892,C0117,2025-02-02,Pending,109.48,,,
11077,C0166,2025-04-29,Refunded,283.15,,,
10029,C0020,01/13/2024,Completed,157.9,2024-01-23,2024-01-31,18
10241,C0168,2024-04-10,Pending,30.95,,,
10349,C0153,2024-05-28,Cancelled,29.03,,,
10754,C0166,2024-12-02,Completed,156.25,2024-12-16,2024-12-22,20
11174,C0061,2025-06-20,Completed,172.57,2025-06-22,2025-07-01,11
10306,C0078,2024-05-12,Completed,81.06,2024-05-24,2024-05-26,14
10533,C0071,2024-08-14,Completed,174.01,2024-08-25,2024-08-27,13
10879,C0032,01/27/2025,Completed,157.57,2025-02-02,2025-02-04,8
10822,C0060,2024-12-28,Completed,52.11,2025-01-04,2025-01-14,17
10102,C0152,2024-02-11,Completed,90.36,2024-02-21,2024-02-22,11
10346,C0147,05/27/2024,Completed,137.32,2024-05-30,2024-06-04,8
10537,C0057,2024-08-15,Cancelled,65.02,,,
11187,C0042,2025-06-29,Refunded,26.51,,,
10948,C0003,2025-02-25,Cancelled,56.15,,,
10183,C0176,2024-03-14,Completed,166.17,2024-03-17,2024-03-20,6
10469,C0102,07/14/2024,Completed,226.55,2024-07-17,2024-07-23,9
11144,C0121,2025-06-04,Completed,71.11,2025-06-05,2025-06-12,8
10048,C0080,01/21/2024,Completed,145.36,2024-01-25,2024-01-27,6
10043,C0141,2024-01-19,Completed,117.78,2024-01-25,2024-01-27,8
10460,C0119,2024-07-09,Completed,51.67,2024-07-22,2024-07-27,18
11169,C0125,2025-06-15,Completed,149.5,2025-06-16,2025-06-20,5
10773,C0178,2024-12-08,Refunded,145.42,,,
10806,C0120,12/23/2024,Cancelled,181.42,,,
10373,C0104,2024-06-04,Cancelled,128.9,,,
10753,C0088,2024-12-01,Completed,217.64,2024-12-13,2024-12-18,17
10849,C0006,2025-01-10,Completed,181.18,2025-01-16,2025-01-24,14
10173,C0039,2024-03-10,Completed,204.62,2024-03-17,2024-03-19,9
10407,C0175,06/15/2024,Pending,46.15,,,
10578,C0052,2024-09-03,Completed,112.13,2024-09-04,2024-09-13,10
10671,C0152,2024-10-18,Completed,187.72,2024-10-27,2024-11-05,18
10356,C0007,2024-05-30,Pending,142.0,,,
10534,C0175,2024-08-14,Completed,169.19,2024-08-22,2024-08-25,11
10274,C0158,2024-04-25,Completed,64.4,2024-04-28,2024-05-06,11
10980,C0091,2025-03-12,Completed,217.36,2025-03-17,2025-03-23,11
10925,C0044,2025-02-17,Completed,288.21,2025-02-26,2025-03-06,17
10655,C0003,2024-10-12,Completed,66.71,2024-10-13,2024-10-14,2
10841,C0006,2025-01-07,Completed,183.71,2025-01-11,2025-01-20,13
10267,C0173,2024-04-24,Pending,153.33,,,
